group	claim_id	target	role
R_ACCEPTED	R-CL-CARRIER-001	BOMA.R.DedekindQuotient001.cutSetoid	accepted_claim_producer
R_ACCEPTED	R-CL-CARRIER-001	BOMA.R.DedekindQuotient001.RBOMA	accepted_claim_producer
R_ACCEPTED	R-CL-CARRIER-001	BOMA.R.DedekindQuotient001.rmk_eq_iff	accepted_claim_producer
R_ACCEPTED	R-CL-QEMBED-001	BOMA.R.DedekindQuotient001.rOfQ_injective	accepted_claim_producer
R_ACCEPTED	R-CL-QEMBED-001	BOMA.R.DedekindQuotient001.rOfQ_order	accepted_claim_producer
R_ACCEPTED	R-CL-ORDER-001	BOMA.R.DedekindOrderConstructive001.rLE_refl	accepted_claim_producer
R_ACCEPTED	R-CL-ORDER-001	BOMA.R.DedekindOrderConstructive001.rLE_trans	accepted_claim_producer
R_ACCEPTED	R-CL-ORDER-001	BOMA.R.DedekindOrderConstructive001.rLE_antisymm	accepted_claim_producer
R_ACCEPTED	R-CL-ORDER-001	BOMA.R.DedekindOrderClassical001.rLE_total_classical	accepted_claim_producer
R_ACCEPTED	R-CL-ORDER-001	BOMA.R.DedekindStrictOrder001.rlt_irrefl	accepted_claim_producer
R_ACCEPTED	R-CL-NONTRIV-001	BOMA.R.DedekindOrderedFieldClosure001.rZero_ne_rOne_field	accepted_claim_producer
R_ACCEPTED	R-CL-ADD-001	BOMA.R.DedekindAdditionLaws001.rAdd_comm	accepted_claim_producer
R_ACCEPTED	R-CL-ADD-001	BOMA.R.DedekindAdditionLaws001.rAdd_assoc	accepted_claim_producer
R_ACCEPTED	R-CL-ADD-001	BOMA.R.DedekindAdditionLaws001.rAdd_zero_left	accepted_claim_producer
R_ACCEPTED	R-CL-ADD-001	BOMA.R.DedekindAdditiveInverse001.rAdd_neg_right	accepted_claim_producer
R_ACCEPTED	R-CL-ADD-001	BOMA.R.DedekindOrderedFieldClosure001.rLE_add_right_iff	accepted_claim_producer
R_ACCEPTED	R-CL-ADD-001	BOMA.R.DedekindOrderedFieldClosure001.rNeg_order_reversing	accepted_claim_producer
R_ACCEPTED	R-CL-MUL-001	BOMA.R.DedekindSignedMulBasicLaws001.rMulCandidate_comm	accepted_claim_producer
R_ACCEPTED	R-CL-MUL-001	BOMA.R.DedekindSignedMulAssociativity001.rMulCandidate_assoc	accepted_claim_producer
R_ACCEPTED	R-CL-MUL-001	BOMA.R.DedekindSignedMulBasicLaws001.rMulCandidate_one_left	accepted_claim_producer
R_ACCEPTED	R-CL-MUL-001	BOMA.R.DedekindSignedMulDistributivity001.rMulCandidate_add_right	accepted_claim_producer
R_ACCEPTED	R-CL-MUL-001	BOMA.R.DedekindOrderedRing001.rMulCandidate_order_compatible	accepted_claim_producer
R_ACCEPTED	R-CL-MUL-001	BOMA.R.DedekindPositiveDecomposition001.rPosNeg_decomposition	known_direct_totality_consumer
R_ACCEPTED	R-CL-INV-001	BOMA.R.DedekindNonzeroInverse004.r_inverse_exists_nonzero	accepted_claim_producer
R_ACCEPTED	R-CL-INV-001	BOMA.R.DedekindNonzeroInverse004.r_inverse_witness_unique	accepted_claim_producer
R_ACCEPTED	R-CL-INV-001	BOMA.R.DedekindOrderedFieldClosure001.rInverse_positive_of_positive	accepted_claim_producer
R_ACCEPTED	R-CL-FIELD-001	BOMA.R.DedekindOrderedFieldClosure001.rZero_ne_rOne_field	accepted_claim_producer
R_ACCEPTED	R-CL-FIELD-001	BOMA.R.DedekindOrderedFieldClosure001.rLE_add_right_iff	accepted_claim_producer
R_ACCEPTED	R-CL-FIELD-001	BOMA.R.DedekindOrderedFieldClosure001.rNeg_order_reversing	accepted_claim_producer
R_ACCEPTED	R-CL-FIELD-001	BOMA.R.DedekindOrderedFieldClosure001.rInverse_positive_of_positive	accepted_claim_producer
R_ACCEPTED	R-CL-COMP-001	BOMA.R.DedekindCompleteness001.rDedekind_lub_exists	accepted_claim_producer
R_ACCEPTED	R-CL-DENSITY-001	BOMA.R.DedekindRationalDensity001.r_rational_image_dense	accepted_claim_producer
R_ACCEPTED	R-CL-ARCH-001	BOMA.R.DedekindArchimedean001.r_archimedean_strict_upper	accepted_claim_producer
R_ACCEPTED	R-CL-INTEGRATION-001	BOMA.R.StageIntegration002.rStageIntegrationCertificate	accepted_claim_producer
C_ACCEPTED	C-CL-CARRIER-001	BOMA.C.RoutePairProbe001.PairCandidate	accepted_claim_producer
C_ACCEPTED	C-CL-CARRIER-001	BOMA.C.PairCore001.CBOMA	accepted_claim_producer
C_ACCEPTED	C-CL-CARRIER-001	BOMA.C.PairCore001.c_ext	accepted_claim_producer
C_ACCEPTED	C-CL-REMBED-001	BOMA.C.PairCore001.c_ofR_injective	accepted_claim_producer
C_ACCEPTED	C-CL-REMBED-001	BOMA.C.PairCore001.c_ofR_zero	accepted_claim_producer
C_ACCEPTED	C-CL-REMBED-001	BOMA.C.PairCore001.c_ofR_one	accepted_claim_producer
C_ACCEPTED	C-CL-REMBED-001	BOMA.C.PairCore001.c_ofR_neg	accepted_claim_producer
C_ACCEPTED	C-CL-REMBED-001	BOMA.C.PairCore001.c_ofR_add	accepted_claim_producer
C_ACCEPTED	C-CL-REMBED-001	BOMA.C.PairCore001.c_ofR_mul	accepted_claim_producer
C_ACCEPTED	C-CL-FIELD-001	BOMA.C.PairNormInverse001.cPairFieldCertificateFromAcceptedR	accepted_claim_producer
C_ACCEPTED	C-CL-I-001	BOMA.C.PairCore001.c_i_squared	accepted_claim_producer
C_ACCEPTED	C-CL-GEN-001	BOMA.C.PairCore001.c_generation	accepted_claim_producer
C_ACCEPTED	C-CL-COORDUNIQ-001	BOMA.C.PairCore001.c_coordinate_unique	accepted_claim_producer
C_ACCEPTED	C-CL-NONREAL-001	BOMA.C.PairCore001.c_i_not_real	accepted_claim_producer
C_ACCEPTED	C-CL-COMPARE-001	BOMA.C.QuadraticComparison001.selectedPresentation	accepted_claim_producer
C_ACCEPTED	C-CL-COMPARE-001	BOMA.C.QuadraticComparison001.selectedQuadraticComparison	accepted_claim_producer
C_ACCEPTED	C-CL-COMPARE-001	BOMA.C.QuadraticComparison001.selectedConstructiveQuadraticIsomorphism	accepted_claim_producer
C_ACCEPTED	C-CL-INTEGRATION-001	BOMA.C.StageIntegration001.cStageIntegrationCertificate	accepted_claim_producer
C_ACCEPTED	C-CL-INTEGRATION-001	BOMA.R.StageIntegration002.rStageIntegrationCertificate	accepted_real_input
ST2_EXP_001_NARROW_R	C-CL-INTEGRATION-001	BOMA.C.StageTwo.NarrowRInterface001.narrowRFromAcceptedProducers	sixteen_property_production_interface_control
ST2_EXP_011_GENERIC_COMPARISON	C-CL-COMPARE-001	BOMA.C.StageTwo.ComparisonInterface011.quadraticComparison	comparison_specific_negative_control
